Ticker,Description,Asset Class,Asset Subclass,,AC Module I/O,Desired Class,Sub Class,Notes
AAXJ,iShares MSCI All Country Asia ex Japan Index Fund,Foreign Emerging Equity,Foreign Emerging Asia Equity,AAXJ,Intl Equity,Foreign Equity,,
ACWI,iShares MSCI All Country World Index Fund,Global Equity,Global Equity,ACWI,US Equity,Global Equity,,
ACWX,iShares MSCI ACWI ex US Index Fund,Global Equity,Global Foreign Equity,ACWX,Intl Equity,Foreign Equity,,
AGG,iShares Core Total U.S. Bond Market ETF,U.S. Fixed Income,U.S. Total Bond Fixed Income,AGG,Fixed Income,US Fixed Income,,
AMJ,Alerian MLP Index ETN,Alternative,Alternative U.S. MLP Equity,AMJ,US Equity,Alternative,,
AMLP,Alerian MLP ETF,Alternative,Alternative U.S. MLP Equity,AMLP,US Equity,Alternative,,
BAB,PowerShares Build America Bond Portfolio,U.S. Fixed Income,U.S. Municipal Bond Fixed Income,BAB,Fixed Income,US Fixed Income,,
BBH,Market Vectors Biotech ETF,U.S. Equity,U.S. Healthcare Sector Equity ,BBH,US Equity,US Equity,,
BIL,SPDR Barclays 1-3 Month T-Bill ETF,U.S. Fixed Income,U.S. Government Bond Fixed Income,BIL,US Equity,US Fixed Income,,
BIV,Vanguard Intermediate-Term Bond ETF,U.S. Fixed Income,U.S. Total Bond Fixed Income,BIV,Fixed Income,US Fixed Income,,
BKF,iShares MSCI BRIC Index Fund,Foreign Emerging Equity,Foreign Emerging BRIC Equity,BKF,Fixed Income,Foreign Equity,,
BKLN,PowerShares Senior Loan Portfolio,U.S. Fixed Income,U.S. High Yield Bond Fixed Income,BKLN,Alternative,US Fixed Income,,
BND,Vanguard Total Bond Market ETF,U.S. Fixed Income,U.S. Total Bond Fixed Income,BND,Fixed Income,US Fixed Income,,
BOND,PIMCO Total Return Exchange-Traded Fund,U.S. Fixed Income,U.S. Total Bond Fixed Income,BOND,Alternative,US Fixed Income,,
BRF,Market Vectors Brazil Small-Cap ETF,Foreign Emerging Equity,Foreign Emerigng Brazil Small Cap Equity,BRF,US Equity,Foreign Equity,,
BSJF,BulletShares 2015 High Yield Corporate Bond ETF,U.S. Fixed Income,U.S. High Yield Bond Fixed Income,BSJF,US Equity,US Fixed Income,,
BSV,Vanguard Short-Term Bond ETF,U.S. Fixed Income,U.S. Total Bond Fixed Income,BSV,Fixed Income,US Fixed Income,,
BWX,SPDR Barclays Intl Treasury Bond,Global Fixed Income,Global Government Bond Fixed Income ,BWX,Fixed Income,Foreign Fixed Income,,
BWZ,SPDR Short Term Intl Treasury Bond,Foreign Fixed Income,,,,Foreign Fixed Income,,
CEMB,ishares Emerging Market Corporate Bond,Foreign Fixed Income,,,,Foreign Fixed Income,,
CEW,WisdomTree Dreyfus Emerging Currency Fund,Alternative,Alternative Foreign Emerging Currency,CEW,Alternative,Alternative,,
CHIQ,Global X China Consumer ETF,Foreign Emerging Equity,Foreign Emerging China Equity ,CHIQ,Fixed Income,Foreign Equity,,
CVY,Gunggenheim Multi-Asset Income ETF,U.S. Equity,U.S. Large Cap Value Equity,CVY,US Equity,US Equity,,
CWB,SPDR Barclays Capital Convertible Bond ETF,U.S. Fixed Income,U.S. Convertible Bond Fixed Income,CWB,US Equity,Alternative,,
DBA,PowerShares DB Agriculture Fund,Alternative,Alternative Commodity Agriculture ,DBA,Alternative,Alternative,,
DBB,PowerShares DB Base Metals Fund,Alternative,Alternative Commodity Base Metals ,DBB,Fixed Income,Alternative,,
DBC,PowerShares DB Commodity Index Tracking Fund,Alternative,Alternative Commodity ,DBC,Alternative,Alternative,,
DBE,PowerShares DB Energy Fund,U.S. Equity,U.S. Energy Sector Equity ,DBE,Alternative,Alternative,,
DBJP,iShares MSCI Japan Hedged Equity Fund,Foreign Developed Equity,Foreign Developed Japan Leveraged Equity,DBJP,US Equity,Foreign Equity,,
DBO,PowerShares DB Oil Fund,Alternative,Alternative Commodity Oil ,DBO,Alternative,Alternative,,
DBV,PowerShares DB G10 Currency Harvest,Alternative,Alternative Global Developed Currency,DBV,Alternative,Alternative,,
DEM,WisdomTree Emerging Markets Equity Income Fund,Foreign Emerging Equity,Foreign Emerging Equity,DEM,Alternative,Foreign Equity,,
DFJ,WisdomTree Japan SmallCap Fund,Foreign Developed Equity,Foreign Developed Japan Small Cap Equity,DFJ,US Equity,Foreign Equity,,
DGS,WisdomTree Emerging Market SmallCap Fund,Foreign Emerging Equity,Foreign Emerging Small Cap Equity,DGS,Intl Equity,Foreign Equity,,
DGZ,PowerShares DB Gold Short ETN,Alternative,Alternative Commodity Precious Metals ,DGZ,Alternative,Alternative,,
DIA,SPDR Dow Jones Industrial Average ETF,U.S. Equity,U.S. Large Cap Value Equity,DIA,US Equity,US Equity,,
DJP,iPath Dow Jones-UBS Commodity Index TR ETN,Alternative,Alternative Commodity ,DJP,Alternative,Alternative,,
DLN,WisdomTree LargeCap Dividend Fund,U.S. Equity,U.S. Large Cap Value Equity,DLN,US Equity,US Equity,,
DOG,ProShares Short Dow30,U.S. Equity,U.S. Inverse Equity,DOG,Alternative,US Equity,,
DVY,Dow Jones Select Dividend Index Fund,U.S. Equity,U.S. Large Cap Value Equity,DVY,US Equity,US Equity,,
DWX,SPDR S&P International Dividend ETF,Foreign Developed Equity,Foreign Developed Large Cap Equity ,DWX,Intl Equity,Foreign Equity,,
DXJ,WisdomTree Japan Hedged Equity Fund,Foreign Developed Equity,Foreign Developed Japan Leveraged Equity,DXJ,Intl Equity,Foreign Equity,,
EBND,SPDR Emerging Market Local Bond,Foreign Fixed Income,,,,Foreign Fixed Income,,
ECH,iShares MSCI Chile Index Fund,Foreign Emerging Equity,Foreign Emerging Chile Equity,ECH,US Equity,Foreign Equity,,
ECON,EGShares Dow Jones Emerging Markets Consumer Titans Index Fund,Foreign Emerging Equity,Foreign Emerging Consumer Staples Sector Equity ,ECON,Alternative,Foreign Equity,,
EDIV,SPDR S&P Emerging Markets Dividend ETF,Foreign Emerging Equity,Foreign Emerging Equity,EDIV,Alternative,Foreign Equity,,
EEM,iShares MSCI Emerging Markets Index Fund,Foreign Emerging Equity,Foreign Emerging Equity,EEM,Alternative,Foreign Equity,,
EEMV,iShares MSCI Emerging Markets Minimum Volatility Index Fund,Foreign Emerging Equity,Foreign Emerging Equity,EEMV,Alternative,Foreign Equity,,
EFA,iShares MSCI EAFE Index Fund,Foreign Developed Equity,Foreign Developed Large Cap Equity ,EFA,Intl Equity,Foreign Equity,,
EFAV,iShares MSCI EAFE Minimum Volatility Index Fund,Foreign Developed Equity,Foreign Developed Large Cap Equity ,EFAV,Intl Equity,Foreign Equity,,
EFV,iShares MSCI Value Index Fund,Foreign Developed Equity,Foreign Developed Large Cap Equity ,EFV,Intl Equity,Foreign Equity,,
EFZ,Short iShares MSCI EAFE,U.S. Equity,U.S. Inverse Equity,EFZ,US Equity,Alternative,,
EIDO,iShares MSCI Indonesia Investable Market Index Fund,Foreign Emerging Equity,Foreign Emerging Indonesia Equity,EIDO,Alternative,Foreign Equity,,
ELD,WisdomTree Emerging Markets Local Debt Fund,Foreign Fixed Income,Foreign Emerging Bond Fixed Income ,ELD,Fixed Income,Foreign Fixed Income,,
EMB,JP Morgan Emerging Markets Bond Fund,Foreign Fixed Income,Foreign Emerging Bond Fixed Income ,EMB,Fixed Income,Foreign Fixed Income,,
EMCB,WisdomTree Emerging Market Corporate Bond,Foreign Fixed Income,,,,Foreign Fixed Income,,
EMLC,Market Vectors Emerging Markets Local Currency Bond ETF,Foreign Fixed Income,Foreign Emerging Bond Fixed Income ,EMLC,Alternative,Foreign Fixed Income,,
EMLP,First Trust North American Energy Infrastructure Fund,Alternative,Alternative U.S. MLP Equity,EMLP,US Equity,US Equity,,
EPHE,iShares MSCI Philippines Investable Market Index Fund,Foreign Emerging Equity,Foreign Emerging Philippine Equity,EPHE,Alternative,Foreign Equity,,
EPI,WisdomTree India Earnings Fund,Foreign Emerging Equity,Foreign Emerging India Equity,EPI,Fixed Income,Foreign Equity,,
EPOL,iShares MSCI Poland Investable Market Index Fund,Foreign Emerging Equity,Foreign Emerging Poland Equity,EPOL,Intl Equity,Foreign Equity,,
EPP,iShares MSCI Pacific Ex-Japan Index Fund,Foreign Emerging Equity,Foreign Emerging Pacific ex-Japan Equity,EPP,Alternative,Foreign Equity,,
EPU,iShares MSCI All Peru Capped Index Fund,Foreign Emerging Equity,Foreign Emerging Peru Equity,EPU,Alternative,Foreign Equity,,
ERUS,iShares MSCI Russia Capped Index Fund,Foreign Emerging Equity,Foreign Emerging Russia Equity,ERUS,Alternative,Foreign Equity,,
EUM,ProShares Short iShares MSCI Emerging Markets,Foreign Emerging Equity,Foreign Emerging Inverse Equity,EUM,Alternative,Alternative,,
EWA,iShares MSCI Australia Index Fund,Foreign Developed Equity,Foreign Developed Australia Equity ,EWA,Alternative,Foreign Equity,,
EWC,iShares MSCI Canada Index Fund,Foreign Developed Equity,Foreign Developed Canada Equity,EWC,Intl Equity,Foreign Equity,,
EWD,iShares MSCI Sweden Index Fund,Foreign Developed Equity,Foreign Developed Sweden Equity,EWD,Intl Equity,Foreign Equity,,
EWG,iShares MSCI Germany Index Fund,Foreign Developed Equity,Foreign Developed Germany Equity,EWG,Intl Equity,Foreign Equity,,
EWH,iShares MSCI Hong Kong Index Fund,Foreign Developed Equity,Foreign Developed Hong Kong Equity,EWH,Alternative,Foreign Equity,,
EWI,iShares MSCI Italy Index Fund,Foreign Developed Equity,Foreign Developed Italy Equity,EWI,Alternative,Foreign Equity,,
EWJ,iShares MSCI Japan Index Fund,Foreign Developed Equity,Foreign Developed Japan Equity,EWJ,Intl Equity,Foreign Equity,,
EWL,iShares MSCI Switzerland Index Fund,Foreign Developed Equity,Foreign Developed Switzerland Equity,EWL,US Equity,Foreign Equity,,
EWM,iShares MSCI Malaysia Index Fund,Foreign Emerging Equity,Foreign Emerging Malaysia Equity,EWM,Alternative,Foreign Equity,,
EWN,iShares MSCI Netherlands Index Fund,Foreign Developed Equity,Foreign Developed Nethrlands Equity ,EWN,Intl Equity,Foreign Equity,,
EWP,iShares MSCI Spain Index Fund,Foreign Developed Equity,Foreign Developed Spain Equity ,EWP,Intl Equity,Foreign Equity,,
EWQ,iShares MSCI France Index Fund,Foreign Developed Equity,Foreign Developed France Equity,EWQ,Intl Equity,Foreign Equity,,
EWS,iShares MSCI Singapore Index Fund,Foreign Developed Equity,Foreign Developed Singapore Equity,EWS,Alternative,Foreign Equity,,
EWT,iShares MSCI Taiwan Index Fund,Foreign Developed Equity,Foreign Developed Taiwan Equity,EWT,Intl Equity,Foreign Equity,,
EWU,iShares MSCI United Kingdom Index Fund,Foreign Developed Equity,Foreign Developed United Kingdom Equity,EWU,US Equity,Foreign Equity,,
EWW,iShares MSCI Mexico Index Fund,Foreign Emerging Equity,Foreign Emerging Mexico Equity,EWW,Alternative,Foreign Equity,,
EWX,SPDR S&P Emerging Markets Small Cap ETF,Foreign Emerging Equity,Foreign Emerging Small Cap Equity,EWX,Intl Equity,Foreign Equity,,
EWY,iShares MSCI South Korea Index Fund,Foreign Developed Equity,Foreign Developed South Korea Equity,EWY,Intl Equity,Foreign Equity,,
EWZ,iShares MSCI Brazil Capped ETF,Foreign Emerging Equity,Foreign Emerging Brazil Equity,EWZ,Fixed Income,Foreign Equity,,
EZA,iShares MSCI South Africa Index Fund,Foreign Emerging Equity,Foreign Emerging South Africa Equity,EZA,Alternative,Foreign Equity,,
EZU,iShares MSCI EMU Index Fund,Foreign Developed Equity,Foreign Developed Europe Equity,EZU,Intl Equity,Foreign Equity,,
FCG,First Trust ISE-Revere Natural Gas Index Fund,Alternative,Alternative U.S. Materials Sector Natural Gas Equity ,FCG,Alternative,Alternative,,
FDL,First Trust Morningstar Dividend Leaders Index Fund,U.S. Equity,U.S. Large Cap Value Equity,FDL,US Equity,US Equity,,
FDN,First Trust DJ Internet Index Fund,U.S. Equity,U.S. Technology Sector Equity ,FDN,US Equity,US Equity,,
FEM,First Trust Emerging Markets AlphaDEX Fund,Foreign Emerging Equity,Foreign Emerging Equity,FEM,Intl Equity,Foreign Equity,,
FEZ,SPDR Euro STOXX 50 ETF,Foreign Developed Equity,Foreign Developed Europe Equity ,FEZ,Intl Equity,Foreign Equity,,
FM,iShares MSCI Frontier 100 Index Fund,Foreign Emerging Equity,Foreign Emerging Equity,FM,US Equity,Foreign Equity,,
FRI,First Trust S&P REIT Index Fund,Alternative,Alternative U.S. Real Estate Equity ,FRI,Alternative,Alternative,,
FVD,First Trust Value Line Dividend Index Fund,U.S. Equity,U.S. Large Cap Value Equity,FVD,US Equity,US Equity,,
FXA,CurrencyShares Australian Dollar Trust,Alternative,Alternative Foreign Developed Australian Currency,FXA,Alternative,Alternative,,
FXD,First Trust Consumer Discretionary AlphaDEX Fund,U.S. Equity,U.S. Consumer Discretionary Sector Equity ,FXD,US Equity,US Equity,,
FXE,CurrencyShares Euro Currency Trust,Alternative,Alternative Foreign Developed Europe Currency ,FXE,Alternative,Alternative,,
FXG,First Trust Consumer Staples AlphaDEX Fund,U.S. Equity,U.S. Consumer Staples Sector Equity ,FXG,US Equity,US Equity,,
FXH,First Trust Health Care AlphaDEX,U.S. Equity,U.S. Healthcare Sector Equity ,FXH,US Equity,US Equity,,
FXI,FTSE China 25 Index Fund,Foreign Emerging Equity,Foreign Emerging China Equity,FXI,Fixed Income,Foreign Equity,,
FXO,First Trust Financials AlphaDEX Fund,U.S. Equity,U.S. Financial Sector Equity,FXO,US Equity,US Equity,,
FXY,CurrencyShares Japanese Yen Trust,Alternative,Alternative Foreign Developed Japan Currency ,FXY,US Equity,Alternative,,
GCC,GreenHaven Continuous Commodity Index Fund,Alternative,Alternative Commodity ,GCC,Alternative,Alternative,,
GDX,Market Vectors TR Gold Miners,Alternative,Alternative Commodity Precious Metals ,GDX,US Equity,Global Equity,,
GDXJ,Market Vectors Junior Gold Miners ETF,Alternative,Alternative Commodity Precious Metals ,GDXJ,US Equity,Global Equity,,
GLD,SPDR Gold Trust,Alternative,Alternative Commodity Precious Metals ,GLD,Alternative,Alternative,,
GNR,SPDR S&P Global Natural Resources ETF,Global Equity,Global Materials Sector Equity,GNR,Alternative,Global Equity,,
GOVT,iShares Barclays U.S. Treasury Bond Fund,U.S. Fixed Income,U.S. Government Bond Fixed Income,GOVT,Fixed Income,US Fixed Income,,
GREK,Global X FTSE Greece 20 ETF,Foreign Emerging Equity,Foreign Emerging Greece Equity,GREK,Intl Equity,Foreign Equity,,
GSG,iShares GSCI Commodity-Indexed Trust Fund,Alternative,Alternative Commodity ,GSG,Alternative,Alternative,,
GUNR,FlexShares Morningstar Global Upstream Natural Resources Index Fund ,Global Equity,Global Materials Sector Equity,GUNR,Alternative,Global Equity,,
GWL,SPDR S&P World ex-US ETF,Global Equity,Global Foreign Equity,GWL,Intl Equity,Foreign Equity,,
GWX,SPDR S&P International SmallCap ETF,Foreign Developed Equity,Foreign Developed Small & Mid Cap Equity,GWX,Intl Equity,Foreign Equity,,
GXC,SPDR S&P China ETF,Foreign Emerging Equity,Foreign Emerging China Equity,GXC,Intl Equity,Foreign Equity,,
GXG,Global X InterBolsa FTSE Colombia 20 ETF,Foreign Emerging Equity,Foreign Emerging Colombia Equity,GXG,Fixed Income,Foreign Equity,,
HAO,Guggenheim China Small Cap ETF ,Foreign Emerging Equity,Foreign Emerging China Small Cap Equity,HAO,Alternative,Foreign Equity,,
HDGE,Ranger Active Bear ETF,U.S. Equity,U.S. Inverse Equity,HDGE,US Equity,Alternative,,
HDV,iShares High Dividend Equity Fund,U.S. Equity,U.S. Large Cap Value Equity,HDV,US Equity,US Equity,,
HEDJ,WisdomTree Europe Hedged Equity Fund ,Foreign Developed Equity,Foreign Developed Europe Leveraged Equity,HEDJ,Intl Equity,Foreign Equity,,
HYD,Market Vectors High Yield Municipal Index ETF,U.S. Fixed Income,U.S. Municipal Bond Fixed Income,HYD,Fixed Income,US Fixed Income,,
HYEM,Market Vectors Emerging Markets High Yield Bond ETF,Foreign Fixed Income,Foreign Emerging High Yield Bond Fixed Income ,HYEM,Alternative,Foreign Fixed Income,,
HYG,iBoxx $ High Yield Corporate Bond Fund,U.S. Fixed Income,U.S. High Yield Bond Fixed Income,HYG,Alternative,US Fixed Income,,
HYS,PIMCO 0-5 Year High Yield Corporate Bond Index Fund,U.S. Fixed Income,U.S. High Yield Bond Fixed Income,HYS,US Equity,US Fixed Income,,
IAU,COMEX Gold Trust,Alternative,Alternative Commodity Precious Metals ,IAU,Alternative,Alternative,,
IBB,iShares Nasdaq Biotechnology,U.S. Equity,U.S. Healthcare Sector Equity ,IBB,US Equity,US Equity,,
ICF,iShares Cohen & Steers Realty Major,Alternative,Alternative U.S. Real Estate Equity ,ICF,Alternative,Alternative,,
IDV,iShares Dow Jones EPAC Select Dividend,Foreign Developed Equity,Foreign Developed Large Cap Equity ,IDV,Intl Equity,Foreign Equity,,
IDX,Market Vectors Indonesia Index ETF,Foreign Emerging Equity,Foreign Emerging Indonesia Equity,IDX,Alternative,Foreign Equity,,
IEF,Barclays 7-10 Year Treasury Bond Fund,U.S. Fixed Income,U.S. Government Bond Fixed Income,IEF,Fixed Income,US Fixed Income,,
IEFA,Core iShares MSCI EAFE ETF,Foreign Developed Equity,Foreign Developed Large Cap Equity ,IEFA,Intl Equity,Foreign Equity,,
IEI,iShares Barclays 3-7 Year Treasury Bond Fund,U.S. Fixed Income,U.S. Government Bond Fixed Income,IEI,Fixed Income,US Fixed Income,,
IEMG,Core iShares MSCI Emerging Markets ETF,Foreign Emerging Equity,Foreign Emerging Equity,IEMG,Fixed Income,Foreign Equity,,
IEO,iShares Dow Jones U.S. Oil & Gas Exploration & Production Index Fund,U.S. Equity,U.S. Energy Sector Equity ,IEO,US Equity,US Equity,,
IEV,iShares S&P Europe 350 Index Fund,Foreign Developed Equity,Foreign Developed Europe Equity,IEV,Intl Equity,Foreign Equity,,
IEZ,iShares Dow Jones U.S. Oil Equipment & Services Index Fund,U.S. Equity,U.S. Energy Sector Equity ,IEZ,Intl Equity,US Equity,,
IFGL,iShares FTSE EPRA/NAREIT Global Real Estate ex-U.S. Index Fund,Global Equity,Global Foreign Real Estate Equity,IFGL,Alternative,Alternative,,
IGE,iShares S&P North American Natural Resources Sector Index Fund,Global Equity,Global North American Materials Sector Equity,IGE,Intl Equity,Global Equity,,
IGF,iShares S&P Global Infrastructure,Global Equity,Global Infrastruture Equity,IGF,US Equity,Global Equity,,
IGN,iShares S&P North American Technology-Multimedia Networking Index Fund,U.S. Equity,U.S. Technology Sector Equity ,IGN,Intl Equity,US Equity,,
IJH,iShares Core S&P Mid-Cap ETF,U.S. Equity,U.S. Mid Cap Core Equity ,IJH,US Equity,US Equity,,
IJJ,iShares S&P MidCap 400 Value Index Fund,U.S. Equity,U.S. Mid Cap Value Equity ,IJJ,US Equity,US Equity,,
IJK,iShares S&P MidCap 400 Growth Index Fund,U.S. Equity,U.S. Mid Cap Growth Equity,IJK,US Equity,US Equity,,
IJR,iShares Core S&P Small-Cap ETF,U.S. Equity,U.S. Small Cap Blend Equity,IJR,US Equity,US Equity,,
IJS,iShares S&P SmallCap 600 Value Index Fund,U.S. Equity,U.S. Small Cap Value Equity,IJS,US Equity,US Equity,,
IJT,iShares S&P SmallCap 600 Growth Index Fund,U.S. Equity,U.S. Small Cap Growth Equity ,IJT,US Equity,US Equity,,
ILF,iShares Latin America 40 Index Fund,Foreign Emerging Equity,Foreign Emerging Latin America Equity,ILF,US Equity,Foreign Equity,,
INDA,iShares MSCI India Index Fund,Foreign Emerging Equity,Foreign Emerging India Equity,INDA,Alternative,Foreign Equity,,
INDY,iShares S&P India Nifty Fifty Index Fund,Foreign Emerging Equity,Foreign Emerging India Equity,INDY,Fixed Income,Foreign Equity,,
ITB,iShares Dow Jones U.S. Home Construction Index Fund,Alternative,Alternative U.S. Homebuilding Equity ,ITB,US Equity,US Equity,,
ITM,Market Vectors-Intermediate Municipal Index ETF,U.S. Fixed Income,U.S. Municipal Bond Fixed Income,ITM,Fixed Income,US Fixed Income,,
ITOT,iShares Core S&P Total U.S. Stock Market ETF,U.S. Equity,U.S. All Cap Equity,ITOT,US Equity,US Equity,,
IVE,iShares S&P 500 Value Index Fund,U.S. Equity,U.S. Large Cap Value Equity,IVE,US Equity,US Equity,,
IVV,iShares Core S&P 500 ETF,U.S. Equity,U.S. Large Cap Blend Equity,IVV,US Equity,US Equity,,
IVW,iShares S&P 500 Growth Index Fund,U.S. Equity,U.S. Large Cap Growth Equity,IVW,US Equity,US Equity,,
IWB,iShares Russell 1000 Index Fund,U.S. Equity,U.S. Large Cap Blend Equity,IWB,US Equity,US Equity,,
IWD,iShares Russell 1000 Value,U.S. Equity,U.S. Large Cap Value Equity,IWD,US Equity,US Equity,,
IWF,iShares Russell 1000 Growth,U.S. Equity,U.S. Large Cap Growth Equity,IWF,US Equity,US Equity,,
IWM,Russell 2000 Index Fund,U.S. Equity,U.S. Small Cap Blend Equity,IWM,US Equity,US Equity,,
IWN,iShares Russell 2000 Value Index Fund,U.S. Equity,U.S. Small Cap Value Equity,IWN,US Equity,US Equity,,
IWO,iShares Russell 2000 Growth,U.S. Equity,U.S. Small Cap Growth Equity ,IWO,US Equity,US Equity,,
IWP,iShares Russell Midcap Growth Index,U.S. Equity,U.S. Mid Cap Growth Equity,IWP,US Equity,US Equity,,
IWR,iShares Russell Midcap Index Fund,U.S. Equity,U.S. Mid Cap Blend Equity ,IWR,US Equity,US Equity,,
IWS,iShares Russell Midcap Value Index,U.S. Equity,U.S. Mid Cap Value Equity ,IWS,US Equity,US Equity,,
IWV,iShares Russell 3000,U.S. Equity,U.S. All Cap Equity,IWV,US Equity,US Equity,,
IXC,iShares S&P Global Energy Index Fund,Global Equity,Global Energy Equity,IXC,Intl Equity,Global Equity,,
IYE,iShares Dow Jones U.S. Energy Sector Fund,U.S. Equity,U.S. Energy Sector Equity ,IYE,US Equity,US Equity,,
IYF,iShares Dow Jones U.S. Financial Sector Index Fund,U.S. Equity,U.S. Financial Sector Equity,IYF,US Equity,US Equity,,
IYJ,iShares Dow Jones U.S. Industrial Sector Index Fund,U.S. Equity,U.S. Industrial Sector Equity ,IYJ,US Equity,US Equity,,
IYM,iShares Dow Jones U.S. Basic Materials Index,U.S. Equity,U.S. Materials Sector Equity ,IYM,Intl Equity,US Equity,,
IYR,Dow Jones U.S. Real Estate Index Fund,Alternative,Alternative U.S. Real Estate Equity ,IYR,Alternative,Alternative,,
IYT,iShares Dow Jones Transportation Average Index Fund,U.S. Equity,U.S. Industrial Sector Equity,IYT,US Equity,US Equity,,
IYW,iShares Dow Jones U.S. Technology Index Fund,U.S. Equity,U.S. Technology Sector Equity ,IYW,US Equity,US Equity,,
IYZ,iShares Dow Jones U.S. Telecommunications Index Fund,U.S. Equity,U.S. Communications Sector Equity,IYZ,US Equity,US Equity,,
JNK,SPDR Barclays Capital High Yield Bond ETF,U.S. Fixed Income,U.S. High Yield Bond Fixed Income,JNK,Alternative,US Fixed Income,,
KBE,SPDR S&P Bank ETF,U.S. Equity,U.S. Financial Sector Equity,KBE,US Equity,US Equity,,
KBWB,PowerShares KBW Bank Portfolio,U.S. Equity,U.S. Financial Sector Equity,KBWB,US Equity,US Equity,,
KIE,SPDR S&P Insurance ETF,U.S. Equity,U.S. Financial Sector Equity,KIE,US Equity,US Equity,,
KOL,Market Vectors Coal ETF,Alternative,Alternative Commodity Coal,KOL,Fixed Income,Global Equity,,
KRE,SPDR S&P Regional Banking ETF,U.S. Equity,U.S. Financial Sector Equity,KRE,US Equity,US Equity,,
MBB,iShares Barclays MBS Bond Fund,U.S. Fixed Income,U.S. Mortgage Backed Security Fixed Income,MBB,Fixed Income,US Fixed Income,,
MCHI,iShares MSCI China Index Fund,Foreign Emerging Equity,Foreign Emerging China Equity,MCHI,Intl Equity,Foreign Equity,,
MDIV,First Trust Multi-Asset Diversified Income Index Fund,U.S. Equity,U.S. Diversified Equity,MDIV,Intl Equity,Multi-Class,,
MDY,SPDR MidCap Trust Series I,U.S. Equity,U.S. Mid Cap Blend Equity ,MDY,US Equity,US Equity,,
MINT,PIMCO Enhanced Short Maturity Strategy Fund,U.S. Fixed Income,U.S. Money Fixed Income,MINT,Alternative,US Fixed Income,,
MLPI,E-TRACS Alerian MLP Infrastructure Index,Alternative,Alternative U.S. MLP Equity,MLPI,US Equity,Alternative,,
MLPN,Credit Suisse Cushing 30 MLP Index ETN,Alternative,Alternative U.S. MLP Equity,MLPN,US Equity,Alternative,,
MOO,Market Vectors-Agribusiness ETF,Global Equity,Global Materials Sector Equity ,MOO,Intl Equity,Global Equity,,
MUB,iShares S&P National Municipal Bond Fund,U.S. Fixed Income,U.S. Municipal Bond Fixed Income,MUB,Fixed Income,US Fixed Income,,
NKY,MAXIS Nikkei 225 Index ETF,Foreign Developed Equity,Foreign Developed Japan Equity,NKY,Intl Equity,Foreign Equity,,
OEF,iShares S&P 100 Index Fund,U.S. Equity,U.S. Large Cap Blend Equity,OEF,US Equity,US Equity,,
OIH,Market Vectors Oil Services ETF,U.S. Equity,U.S. Materials Sector Oil Equity,OIH,Intl Equity,US Equity,,
OIL,iPath S&P GSCI Crude Oil Tot Ret Idx ETN,Alternative,Alternative Commodity Oil ,OIL,Alternative,Alternative,,
PALL,ETFS Physical Palladium Shares,Alternative,Alternative Commodity Precious Metals ,PALL,Intl Equity,Alternative,,
PBJ,PowerShares Dynamic Food & Beverage,U.S. Equity,U.S. Consumer Staples Sector Equity ,PBJ,US Equity,US Equity,,
PBP,PowerShares S&P 500 BuyWrite Portfolio,U.S. Equity,U.S. Long-Short Equity,PBP,US Equity,US Equity,,
PBS,PowerShares Dynamic Media,U.S. Equity,U.S. Consumer Discretionary Sector Equity ,PBS,US Equity,US Equity,,
PBW,PowerShares WilderHill Clean Energy Portfolio,U.S. Equity,U.S. Energy Sector Equity ,PBW,Fixed Income,US Equity,,
PCEF,PowerShares CEF Income Composite Portfolio,U.S. Fixed Income,U.S. Total Bond Fixed Income,PCEF,Alternative,Alternative,,
PCY,PowerShares Emerging Markets Sovereign Debt Portfolio,Foreign Fixed Income,Foreign Emerging Government Bond Fixed Income ,PCY,Fixed Income,Foreign Fixed Income,,
PDP,PowerShares DWA Technical Leaders Portfolio,U.S. Equity,U.S. All Cap Equity,PDP,US Equity,US Equity,,
PEY,PowerShares High Yield Dividend Achievers,U.S. Equity,U.S. All Cap Equity,PEY,US Equity,US Equity,,
PFF,iShares S&P US Preferred Stock Fund,U.S. Equity,U.S. Preferred Stock Equity,PFF,Alternative,Alternative,,
PGF,PowerShares Financial Preferred Portfolio,U.S. Equity,U.S. Preferred Stock Equity,PGF,Alternative,Alternative,,
PGX,PowerShares Preferred Portfolio,U.S. Equity,U.S. Preferred Stock Equity,PGX,Alternative,Alternative,,
PHB,PowerShares Fundamental High Yield Corporate Bond Portfolio,U.S. Fixed Income,U.S. High Yield Bond Fixed Income,PHB,Alternative,US Fixed Income,,
PHO,PowerShares Water Resource Portfolio,Alternative,Alternative Water Commodity,PHO,US Equity,US Equity,,
PID,PowerShares Intl Dividend Achievers,Foreign Developed Equity,Foreign Developed Large Cap Equity ,PID,US Equity,Foreign Equity,,
PIE,PowerShares DWA Emerging Market Technical Leaders Portfolio,Foreign Emerging Equity,Foreign Emerging Technology Sector Equity ,PIE,Alternative,Foreign Equity,,
PIN,PowerShares India Portfolio,Foreign Emerging Equity,Foreign Emerging India Equity,PIN,Fixed Income,Foreign Equity,,
PIZ,PowerShares DWA Developed Market Technical Leaders Portfolio,Foreign Developed Equity,Foreign Developed Large Cap Equity ,PIZ,Intl Equity,Foreign Equity,,
PJP,PowerShares Dynamic Pharmaceuticals,U.S. Equity,U.S. Healthcare Sector Equity ,PJP,US Equity,US Equity,,
PKW,PowerShares Buyback Achievers,U.S. Equity,U.S. All Cap Equity,PKW,US Equity,US Equity,,
PPH,Market Vectors Pharmaceutical ETF,U.S. Equity,U.S. Healthcare Sector Equity ,PPH,US Equity,US Equity,,
PRF,PowerShares FTSE RAFI US 1000 Portfolio,U.S. Equity,U.S. Large Cap Value Equity,PRF,US Equity,US Equity,,
PSP,ProShares Listed Private Equity,U.S. Equity,U.S. Financial Sector Equity,PSP,Intl Equity,Global Equity,,
PSQ,ProShares Short QQQ,U.S. Equity,U.S. Inverse Equity,PSQ,Alternative,Alternative,,
PWV,PowerShares Dynamic LargeCap Value,U.S. Equity,U.S. Large Cap Value Equity,PWV,US Equity,US Equity,,
PXH,PowerShares FTSE RAFI Emerging Markets Portfolio,Foreign Emerging Equity,Foreign Emerging Equity,PXH,Alternative,Foreign Equity,,
PZA,PowerShares Insured National Municipal Bond Portfolio,U.S. Fixed Income,U.S. Municipal Bond Fixed Income,PZA,Fixed Income,US Fixed Income,,
QQQ,QQQ,U.S. Equity,U.S. Large Cap Growth Equity,QQQ,US Equity,US Equity,,
REM,FTSE NAREIT Mortgage REITs Index Fund,Alternative,Alternative U.S. Real Estate Equity ,REM,Alternative,Alternative,,
RJA,ELEMENTS Rogers Intl Commodity Agric ETN,Alternative,Alternative Commodity Agriculture ,RJA,Alternative,Alternative,,
RJI,ELEMENTS Rogers Intl Commodity ETN,Alternative,Alternative Commodity ,RJI,Alternative,Alternative,,
RSP,Guggenheim S&P Equal Weight ETF,U.S. Equity,U.S. Large Cap Blend Equity,RSP,US Equity,US Equity,,
RSX,Market Vectors Russia ETF,Foreign Emerging Equity,Foreign Emerging Russia Equity,RSX,Fixed Income,Foreign Equity,,
RWM,ProShares Short Russell2000,U.S. Equity,U.S. Small Cap Inverse Equity ,RWM,Alternative,Alternative,,
RWO,SPDR DJ Wilshire Global Real Estate ETF,Alternative,Alternative Global Real Estate Equity,RWO,Alternative,Global Equity,,
RWR,SPDR DJ Wilshire REIT ETF,Alternative,Alternative U.S. Real Estate Equity ,RWR,Alternative,Alternative,,
RWX,SPDR DJ Wilshire Intl Real Estate,Alternative,Alternative Global Real Estate Equity,RWX,Alternative,Foreign Equity,,
SBB,ProShares Short SmallCap600,U.S. Equity,U.S. Small Cap Inverse Equity,SBB,Alternative,Alternative,,
SCHA,Schwab U.S. Small-Cap ETF,U.S. Equity,U.S. Small Cap Blend Equity,SCHA,US Equity,US Equity,,
SCHB,Schwab U.S. Broad Market ETF,U.S. Equity,U.S. All Cap Equity,SCHB,US Equity,US Equity,,
SCHD,Schwab US Dividend Equity ETF,U.S. Equity,U.S. All Cap Equity,SCHD,US Equity,US Equity,,
SCHE,Schwab Emerging Markets Equity ETF,Foreign Emerging Equity,Foreign Emerging Equity,SCHE,Alternative,Foreign Equity,,
SCHF,Schwab International Equity ETF,Global Equity,Global Large Cap Equity ,SCHF,Intl Equity,Foreign Equity,,
SCHG,Schwab U.S. Large-Cap Growth ETF,U.S. Equity,U.S. Large Cap Growth Equity,SCHG,US Equity,US Equity,,
SCHH,Schwab U.S. REIT ETF,Alternative,Alternative U.S. Real Estate Equity ,SCHH,Alternative,Alternative,,
SCHM,Schwab U.S. Mid-Cap ETF,U.S. Equity,U.S. Mid Cap Blend Equity ,SCHM,US Equity,US Equity,,
SCHV,Schwab U.S. Large-Cap Value ETF,U.S. Equity,U.S. Large Cap Value Equity,SCHV,US Equity,US Equity,,
SCHX,Schwab U.S. Large-Cap ETF,U.S. Equity,U.S. Large Cap Blend Equity,SCHX,US Equity,US Equity,,
SCIF,Market Vectors India Small-Cap Index ETF,Foreign Emerging Equity,Foreign Emerging India Small Cap Equity,SCIF,Fixed Income,Foreign Equity,,
SCZ,iShares MSCI EAFE Small Cap,Foreign Developed Equity,Foreign Developed Small & Mid Cap Equity,SCZ,Intl Equity,Foreign Equity,,
SDIV,Global X SuperDividend ETF,Global Equity,Global Equity ,SDIV,Intl Equity,Global Equity,,
SDOG,ALPS Sector Dividend Dogs ETF,U.S. Equity,U.S. Large Cap Value Equity,SDOG,US Equity,US Equity,,
SDY,SPDR S&P Dividend ETF,U.S. Equity,U.S. Large Cap Value Equity,SDY,US Equity,US Equity,,
SGOL,ETFS Physical Swiss Gold Shares,Alternative,Alternative Commodity Precious Metals ,SGOL,Alternative,Alternative,,
SH,ProShares Short S&P500,U.S. Equity,U.S. Large Cap Inverse Equity ,SH,US Equity,Alternative,,
SHM,SPDR Barclays Short Term Municipal Bond ETF,U.S. Fixed Income,U.S. Municipal Bond Fixed Income,SHM,Fixed Income,US Fixed Income,,
SHV,Barclays Short Treasury Bond Fund,U.S. Fixed Income,U.S. Government Bond Fixed Income,SHV,Fixed Income,US Fixed Income,,
SHY,Barclays 1-3 Year Treasury Bond Fund,U.S. Fixed Income,U.S. Government Bond Fixed Income,SHY,Fixed Income,US Fixed Income,,
SIL,Global X Silver Miners ETF,Alternative,Alternative Commodity Precious Metals ,SIL,Alternative,Global Equity,,
SIVR,ETFS Physical Silver Shares,Alternative,Alternative Commodity Precious Metals ,SIVR,Alternative,Alternative,,
SJNK,SPDR Barclays Capital Short Term High Yield Bond ETF,U.S. Fixed Income,U.S. High Yield Bond Fixed Income,SJNK,Intl Equity,US Fixed Income,,
SLV,iShares Silver Trust,Alternative,Alternative Commodity Precious Metals ,SLV,Alternative,Alternative,,
SMH,Market Vectors Semiconductor ETF,U.S. Equity,U.S. Technology Sector Equity ,SMH,US Equity,US Equity,,
SOXX,PHLX SOX Semiconductor Sector Index Fund,U.S. Equity,U.S. Technology Sector Equity ,SOXX,US Equity,US Equity,,
SPHB,PowerShares S&P 500 High Beta Portfolio,U.S. Equity,U.S. Large Cap Blend Equity,SPHB,Intl Equity,US Equity,,
SPLV,S&P 500 Low Volatility Portfolio,U.S. Equity,U.S. Large Cap Blend Equity,SPLV,US Equity,US Equity,,
SPY,SPDR S&P 500,U.S. Equity,U.S. Large Cap Blend Equity,SPY,US Equity,US Equity,,
STPZ,PIMCO 1-5 Year U.S. TIPS Index Fund,U.S. Fixed Income,U.S. Inflation-Protected Government Bond Fixed Income,STPZ,Fixed Income,US Fixed Income,,
SVXY,ProShares Short VIX Short-Term Futures ETF,Alternative,Alternative ST Volatility,SVXY,US Equity,Alternative,,
TAN,Guggenheim Solar ETF ,U.S. Equity,U.S. Energy Sector Equity ,TAN,Fixed Income,US Equity,,
TBF,ProShares Short 20+ Year Treasury,U.S. Fixed Income,U.S. Inverse Government Bond Fixed Income,TBF,Fixed Income,Alternative,,
TDTT,iBoxx 3-Year Target Duration TIPS Index Fund ,U.S. Fixed Income,U.S. Inflation-Protected Government Bond Fixed Income,TDTT,Fixed Income,US Fixed Income,,
TFI,SPDR Barclays Municipal Bond,U.S. Fixed Income,U.S. Municipal Bond Fixed Income,TFI,Fixed Income,US Fixed Income,,
THD,iShares MSCI Thailand Index Fund,Foreign Emerging Equity,Foreign Emerging Thailand Equity,THD,Alternative,Foreign Equity,,
TIP,Barclays TIPS Bond Fund,U.S. Fixed Income,U.S. Inflation-Protected Government Bond Fixed Income,TIP,Fixed Income,US Fixed Income,,
TLT,Barclays 20 Year Treasury Bond Fund,U.S. Fixed Income,U.S. Government Bond Fixed Income,TLT,Fixed Income,US Fixed Income,,
TUR,iShares MSCI Turkey Investable Market Index Fund,Foreign Emerging Equity,Foreign Emerging Turkey Equity,TUR,Alternative,Foreign Equity,,
UNG,USCF United States Natural Gas Fund LP,Alternative,Alternative Commodity Natural Gas,UNG,Fixed Income,Alternative,,
USMV,iShares MSCI USA Minimum Volatility Index Fund,U.S. Equity,U.S. All Cap Equity,USMV,US Equity,US Equity,,
USO,USCF United States Oil Fund,Alternative,Alternative Commodity Oil ,USO,Alternative,Alternative,,
UUP,PowerShares DB USD Index Bullish,Alternative,Alternative U.S. Currency ,UUP,Alternative,Alternative,,
VB,Vanguard Small-Cap ETF,U.S. Equity,U.S. Small Cap Blend Equity,VB,US Equity,US Equity,,
VBK,Vanguard Small-Cap Growth ETF,U.S. Equity,U.S. Small Cap Growth Equity ,VBK,US Equity,US Equity,,
VBR,Vanguard Small-Cap Value ETF,U.S. Equity,U.S. Small Cap Value Equity,VBR,US Equity,US Equity,,
VDC,Vanguard Consumer Staples ETF,U.S. Equity,U.S. Consumer Staples Sector Equity ,VDC,US Equity,US Equity,,
VEA,Vanguard Europe Pacific,Foreign Developed Equity,Foreign Developed Europe Equity,VEA,Intl Equity,Foreign Equity,,
VEU,Vanguard FTSE All World Ex US ETF,Global Equity,Global Foreign Equity,VEU,Intl Equity,Foreign Equity,,
VFH,Vanguard Financials ETF,U.S. Equity,U.S. Financial Sector Equity,VFH,US Equity,US Equity,,
VGK,FTSE Europe ETF,Foreign Developed Equity,Foreign Developed Europe Equity,VGK,Intl Equity,Foreign Equity,,
VGT,Vanguard Information Tech ETF,U.S. Equity,U.S. Technology Sector Equity ,VGT,US Equity,US Equity,,
VHT,Vanguard Health Care ETF,U.S. Equity,U.S. Healthcare Sector Equity ,VHT,US Equity,US Equity,,
VIG,Vanguard Dividend Appreciation ETF,U.S. Equity,U.S. Large Cap Value Equity,VIG,US Equity,US Equity,,
VIIX,VelocityShares VIX Short-Term ETN,Alternative,Alternative ST Volatility,VIIX,Alternative,Alternative,,
VIXY,ProShares VIX Short-Term Futures ETF,Alternative,Alternative ST Volatility,VIXY,Alternative,Alternative,,
VNM,Market Vectors Vietnam ETF,Foreign Emerging Equity,Foreign Emerging Vietnam Equity,VNM,Fixed Income,Foreign Equity,,
VNQ,Vanguard REIT ETF,Alternative,Alternative U.S. Real Estate Equity ,VNQ,Alternative,Alternative,,
VNQI,Vanguard Global ex-U.S. Real Estate Index Fund,Alternative,Alternative Global Foreign Real Estate Equity ,VNQI,Alternative,Foreign Equity,,
VO,Vanguard Mid-Cap ETF,U.S. Equity,U.S. Mid Cap Blend Equity ,VO,US Equity,US Equity,,
VOE,Vanguard Mid-Cap Value ETF,U.S. Equity,U.S. Mid Cap Value Equity ,VOE,US Equity,US Equity,,
VOO,Vanguard S&P 500 ETF,U.S. Equity,U.S. Large Cap Blend Equity,VOO,US Equity,US Equity,,
VPL,Vanguard FTSE Pacific ETF,Foreign Emerging Equity,Foreign Emerging Asia Pacific Equity,VPL,Intl Equity,Foreign Equity,,
VPU,Vanguard Utilities ETF,U.S. Equity,U.S. Utilites Sector Equity ,VPU,US Equity,US Equity,,
VT,Vanguard Total World Stock Index ETF,Global Equity,Global Equity,VT,US Equity,Global Equity,,
VTI,Vanguard Total Stock Market ETF,U.S. Equity,U.S. All Cap Equity,VTI,US Equity,US Equity,,
VTIP,Vanguard Short-Term Inflation-Protected Securities Index Fund,U.S. Fixed Income,U.S. Inflation-Protected Bond Fixed Income,VTIP,Alternative,US Fixed Income,,
VTV,VanguardValue ETF,U.S. Equity,U.S. Large Cap Value Equity,VTV,US Equity,US Equity,,
VUG,Vanguard Growth ETF,U.S. Equity,U.S. Large Cap Growth Equity,VUG,US Equity,US Equity,,
VV,Vanguard Large-Cap ETF,U.S. Equity,U.S. Large Cap Blend Equity,VV,US Equity,US Equity,,
VWO,Vanguard Emerging Markets ETF,Foreign Emerging Equity,Foreign Emerging Equity,VWO,Alternative,Foreign Equity,,
VXF,Vanguard Extended Market ETF,U.S. Equity,U.S. Mid Cap Blend Equity ,VXF,US Equity,US Equity,,
VXUS,Vanguard Total International Stock ETF,Global Equity,Global Foreign Equity,VXUS,Intl Equity,Foreign Equity,,
VXX,S&P 500 VIX Short-Term Futures ETN,Alternative,Alternative ST Volatility,VXX,Alternative,Alternative,,
VXZ,iPath S&P 500 VIX Mid-Term Futures ETN,Alternative,Alternative ST Volatility,VXZ,Alternative,Alternative,,
VYM,Vanguard High Dividend Yield ETF,U.S. Equity,U.S. Large Cap Value Equity,VYM,US Equity,US Equity,,
WIP,SPDR DB International Government Inflation-Protected Bond ETF,Global Fixed Income,Global Inflation-Protected Government Bond Fixed Income,WIP,Alternative,Foreign Fixed Income,,
XBI,SPDR S&P Biotech ETF,U.S. Equity,U.S. Healthcare Sector Equity ,XBI,US Equity,US Equity,,
XES,SPDR S&P Oil & Gas Equip & Service,U.S. Equity,U.S. Energy Sector Equity ,XES,Intl Equity,US Equity,,
XHB,SPDR Homebuilders ETF,Alternative,Alternative U.S. Homebuilding Equity ,XHB,US Equity,US Equity,,
XIV,Daily Inverse VIX Short-Term ETN,Alternative,Alternative ST Volatility,XIV,US Equity,Alternative,,
XLB,Materials Select Sector SPDR,U.S. Equity,U.S. Materials Sector Equity ,XLB,US Equity,US Equity,,
XLE,Energy Select Sector SPDR,U.S. Equity,U.S. Energy Sector Equity ,XLE,US Equity,US Equity,,
XLF,Financial Select Sector SPDR,U.S. Equity,U.S. Financial Sector Equity,XLF,US Equity,US Equity,,
XLI,Industrial Select Sector SPDR,U.S. Equity,U.S. Industrial Sector Equity ,XLI,US Equity,US Equity,,
XLK,Technology Select Sector SPDR,U.S. Equity,U.S. Technology Sector Equity ,XLK,US Equity,US Equity,,
XLP,Consumer Staples Select Sector SPDR,U.S. Equity,U.S. Consumer Staples Sector Equity ,XLP,US Equity,US Equity,,
XLU,Utilities Select Sector SPDR,U.S. Equity,U.S. Utilites Sector Equity ,XLU,Alternative,US Equity,,
XLV,Health Care Select Sector SPDR,U.S. Equity,U.S. Healthcare Sector Equity ,XLV,US Equity,US Equity,,
XLY,Consumer Discretionary Select Sector SPDR,U.S. Equity,U.S. Consumer Discretionary Sector Equity ,XLY,US Equity,US Equity,,
XME,SPDR S&P Metals & Mining ETF,Alternative,Alternative Commodity Precious Metals ,XME,Fixed Income,US Equity,,
XOP,SPDR S&P Oil & Gas Explor & Product,U.S. Equity,U.S. Materials Sector Oil Equity,XOP,US Equity,US Equity,,
XRT,SPDR S&P Retail ETF,U.S. Equity,U.S. Consumer Discretionary Sector Equity ,XRT,US Equity,US Equity,,
YMLP,Yorkville High Income MLP ETF,Alternative,Alternative U.S. MLP Equity,YMLP,US Equity,Alternative,,
ZIV,VelocityShares Daily Inverse VIX Medium-Term ETN,Alternative,Alternative ST Volatility,ZIV,US Equity,Alternative,,
